[
  {
    "name": "Backend Development"
  },
  {
    "name": "Chief Marketing Officer (CMO)"
  },
  {
    "name": "Chief Technical Officer (CTO)"
  },
  {
    "name": "Community Management"
  },
  {
    "name": "Content / Copy Writer"
  },
  {
    "name": "Developer Advocate"
  },
  {
    "name": "Developer Evangelist"
  },
  {
    "name": "Frontend Development"
  },
  {
    "name": "Full Stack Development"
  },
  {
    "name": "Mobile Developer"
  },
  {
    "name": "Other"
  },
  {
    "name": "Product Design"
  },
  {
    "name": "Product Management"
  },
  {
    "name": "Product Marketing Manager"
  },
  {
    "name": "Program Management"
  },
  {
    "name": "Project management"
  },
  {
    "name": "Quality Assurance Engineer"
  },
  {
    "name": "Site Reliability Engineering"
  },
  {
    "name": "Software Engineering"
  },
  {
    "name": "Software Tester"
  },
  {
    "name": "Technical Writer"
  },
  {
    "name": "UI/UX Design"
  }
]